{
	"Sol": {
		"pos": {"x": 0, "y": 0, "z": 0},
		"vel": {"x": 0, "y": 0, "z": 0},
		"mass": 1.9891E30,
		"radius": 695500E3
	},
	"Mercury": {
		"pos": {"x": 5.791000e+10, "y": 0, "z": 0},
		"vel": {"x": 0, "y": -47.36E3, "z": 0},
		"mass": 328.5E21,
		"radius": 2440E3
	},
	"Venus": {
		"pos": {"x": 1.082000e+11, "y": 0, "z": 0},
		"vel": {"x": 0, "y": -35.02E3, "z": 0},
		"mass": 4.867E24,
		"radius": 6052E3
	},
	"Earth": {
		"pos": {"x": 149.59787E9, "y": 0, "z": 0},
		"vel": {"x": 0, "y": -29.77E3, "z": 0},
		"mass": 5.97219E24,
		"radius": 6378.1E3
	},
	"Earth.Moon": {
		"pos": {"x": 149.59787E9, "y": 0, "z": 0},
		"vel": {"x": 0, "y": -3.079000e+04, "z": 0},
		"mass": 7.34767309E22,
		"radius": 1737.4E3
	},
	"Mars": {
		"pos": {"x": 2.279000e+11, "y": 0, "z": 0},
		"vel": {"x": 0, "y": -24.07E3, "z": 0},
		"mass": 6.4174E23,
		"radius": 3389.5E3
	},
	"Jupiter": {
		"pos": {"x": 7.785000e+11, "y": 0, "z": 0},
		"vel": {"x": 0, "y": -13.06E3, "z": 0},
		"mass": 1.898E27,
		"radius": 69911E3
	},
	"Saturn": {
		"pos": {"x": 1.433000e+12, "y": 0, "z": 0},
		"vel": {"x": 0, "y": -9.68E3, "z": 0},
		"mass": 568.3E24,
		"radius": 58232E3
	},
	"Uranus": {
		"pos": {"x": 2.877000e+12, "y": 0, "z": 0},
		"vel": {"x": 0, "y": -6.8E3, "z": 0},
		"mass": 86.81E24,
		"radius": 25362E3
	},
	"Neptune": {
		"pos": {"x": 4.503000e+12, "y": 0, "z": 0},
		"vel": {"x": 0, "y": -5.43E3, "z": 0},
		"mass": 102.4E24,
		"radius": 24622E3
	}
}
