{
    "Sol": {
        "pos": [0, 0, 0],
        "vel": [0, 0, 0],
        "mass": 1.9891E30,
        "radius": 695500E3
    },
    "Mercury": {
        "pos": [5.791000e+10, 0, 0],
        "vel": [0, -47.36E3, 0],
        "mass": 328.5E21,
        "radius": 2440E3
    },
    "Venus": {
        "pos": [1.082000e+11, 0, 0],
        "vel": [0, -35.02E3, 0],
        "mass": 4.867E24,
        "radius": 6052E3
    },
    "Earth": {
        "pos": [149.59787E9, 0, 0],
        "vel": [0, -29.77E3, 0],
        "mass": 5.97219E24,
        "radius": 6378.1E3
    },
    "Earth.Moon": {
        "pos": [1.499829e+11, 0, 0],
        "vel": [0, -3.079000e+04, 0],
        "mass": 7.34767309E22,
        "radius": 1737.4E3
    },
    "Mars": {
        "pos": [2.279000e+11, 0, 0],
        "vel": [0, -24.07E3, 0],
        "mass": 6.4174E23,
        "radius": 3389.5E3
    },
    "Jupiter": {
        "pos": [7.785000e+11, 0, 0],
        "vel": [0, -13.06E3, 0],
        "mass": 1.898E27,
        "radius": 69911E3
    },
    "Saturn": {
        "pos": [1.433000e+12, 0, 0],
        "vel": [0, -9.68E3, 0],
        "mass": 568.3E24,
        "radius": 58232E3
    },
    "Uranus": {
        "pos": [2.877000e+12, 0, 0],
        "vel": [0, -6.8E3, 0],
        "mass": 86.81E24,
        "radius": 25362E3
    },
    "Neptune": {
        "pos": [4.503000e+12, 0, 0],
        "vel": [0, -5.43E3, 0],
        "mass": 102.4E24,
        "radius": 24622E3
    }
}
